date,payment_value,payment_type
2016-09-04,136.23,credit_card
2016-09-05,75.06,credit_card
2016-09-13,40.95,credit_card
2016-10-02,109.34,credit_card
2016-10-03,456.86,credit_card
2016-10-04,9929.11,credit_card
2016-10-05,7670.5,credit_card
2016-10-06,8113.59,credit_card
2016-10-07,5783.07,credit_card
2016-10-08,8793.16,credit_card
2016-10-09,3878.11,credit_card
2016-10-10,3556.88,credit_card
2016-12-23,19.62,credit_card
2017-01-05,135.96,credit_card
2017-01-06,316.83,credit_card
2017-01-07,1447.99,credit_card
2017-01-08,784.53,credit_card
2017-01-09,606.52,credit_card
2017-01-10,1418.42,credit_card
2017-01-11,2609.83,credit_card
2017-01-12,2426.82,credit_card
2017-01-13,2478.9,credit_card
2017-01-14,1507.36,credit_card
2017-01-15,1779.66,credit_card
2017-01-16,3488.62,credit_card
2017-01-17,2456.58,credit_card
2017-01-18,3304.69,credit_card
2017-01-19,3516.53,credit_card
2017-01-20,3493.23,credit_card
2017-01-21,2775.93,credit_card
2017-01-22,3915.95,credit_card
2017-01-23,5823.15,credit_card
2017-01-24,5640.39,credit_card
2017-01-25,8794.87,credit_card
2017-01-26,11468.37,credit_card
2017-01-27,9893.77,credit_card
2017-01-28,4781.91,credit_card
2017-01-29,6426.97,credit_card
2017-01-30,9232.38,credit_card
2017-01-31,9089.52,credit_card
2017-02-01,6439.33,credit_card
2017-02-02,7082.23,credit_card
2017-02-03,7079.72,credit_card
2017-02-04,14485.61,credit_card
2017-02-05,8001.33,credit_card
2017-02-06,8353.86,credit_card
2017-02-07,12324.43,credit_card
2017-02-08,8847.32,credit_card
2017-02-09,9183.69,credit_card
2017-02-10,14253.91,credit_card
2017-02-11,4693.81,credit_card
2017-02-12,13504.68,credit_card
2017-02-13,10232.69,credit_card
2017-02-14,12859.84,credit_card
2017-02-15,6504.02,credit_card
2017-02-16,6586.78,credit_card
2017-02-17,6493.75,credit_card
2017-02-18,6738.84,credit_card
2017-02-19,3241.92,credit_card
2017-02-20,5470.32,credit_card
2017-02-21,7678.75,credit_card
2017-02-22,6943.9,credit_card
2017-02-23,6354.68,credit_card
2017-02-24,6273.2,credit_card
2017-02-25,3236.76,credit_card
2017-02-26,6115.96,credit_card
2017-02-27,6086.82,credit_card
2017-02-28,11685.41,credit_card
2017-03-01,12534.08,credit_card
2017-03-02,11438.47,credit_card
2017-03-03,10679.65,credit_card
2017-03-04,12998.36,credit_card
2017-03-05,7658.86,credit_card
2017-03-06,10827.62,credit_card
2017-03-07,11501.12,credit_card
2017-03-08,13815.59,credit_card
2017-03-09,9198.19,credit_card
2017-03-10,10496.6,credit_card
2017-03-11,9833.12,credit_card
2017-03-12,6424.67,credit_card
2017-03-13,16068.99,credit_card
2017-03-14,12389.83,credit_card
2017-03-15,13864.92,credit_card
2017-03-16,12930.5,credit_card
2017-03-17,11487.41,credit_card
2017-03-18,14061.78,credit_card
2017-03-19,6807.25,credit_card
2017-03-20,16616.55,credit_card
2017-03-21,11711.08,credit_card
2017-03-22,13577.9,credit_card
2017-03-23,17927.11,credit_card
2017-03-24,9711.13,credit_card
2017-03-25,9041.36,credit_card
2017-03-26,5296.83,credit_card
2017-03-27,13980.14,credit_card
2017-03-28,11406.11,credit_card
2017-03-29,8006.49,credit_card
2017-03-30,9912.61,credit_card
2017-03-31,12284.62,credit_card
2017-04-01,17071,credit_card
2017-04-02,8508.03,credit_card
2017-04-03,6503.67,credit_card
2017-04-04,10654.36,credit_card
2017-04-05,17773.34,credit_card
2017-04-06,17571.72,credit_card
2017-04-07,11102.32,credit_card
2017-04-08,7903.75,credit_card
2017-04-09,8294.12,credit_card
2017-04-10,9808.57,credit_card
2017-04-11,8040.46,credit_card
2017-04-12,6948.8,credit_card
2017-04-13,9819.72,credit_card
2017-04-14,9757.7,credit_card
2017-04-15,7698.09,credit_card
2017-04-16,5215.58,credit_card
2017-04-17,8177.19,credit_card
2017-04-18,21299.47,credit_card
2017-04-19,10104.24,credit_card
2017-04-20,10994.68,credit_card
2017-04-21,6986.87,credit_card
2017-04-22,11640.67,credit_card
2017-04-23,8568.18,credit_card
2017-04-24,11527.49,credit_card
2017-04-25,12059.66,credit_card
2017-04-26,16056.57,credit_card
2017-04-27,9749.5,credit_card
2017-04-28,11718.96,credit_card
2017-04-29,12451.29,credit_card
2017-04-30,8081.72,credit_card
2017-05-01,12686.07,credit_card
2017-05-02,16122.18,credit_card
2017-05-03,9377.57,credit_card
2017-05-04,11928.59,credit_card
2017-05-05,11487.2,credit_card
2017-05-06,17727.09,credit_card
2017-05-07,17969.22,credit_card
2017-05-08,15432.6,credit_card
2017-05-09,12550.85,credit_card
2017-05-10,15365.33,credit_card
2017-05-11,14748.01,credit_card
2017-05-12,11572.83,credit_card
2017-05-13,8379.91,credit_card
2017-05-14,14894.35,credit_card
2017-05-15,11944,credit_card
2017-05-16,19481.66,credit_card
2017-05-17,17173.55,credit_card
2017-05-18,16200.14,credit_card
2017-05-19,17469.96,credit_card
2017-05-20,9417.78,credit_card
2017-05-21,15299.22,credit_card
2017-05-22,21496.65,credit_card
2017-05-23,17832.2,credit_card
2017-05-24,14937.67,credit_card
2017-05-25,14095.69,credit_card
2017-05-26,9990.22,credit_card
2017-05-27,13172.67,credit_card
2017-05-28,8657.43,credit_card
2017-05-29,17525.31,credit_card
2017-05-30,11944.41,credit_card
2017-05-31,18166.95,credit_card
2017-06-01,13475.68,credit_card
2017-06-02,17645.44,credit_card
2017-06-03,9289.98,credit_card
2017-06-04,13842.12,credit_card
2017-06-05,21187.51,credit_card
2017-06-06,14543.71,credit_card
2017-06-07,12816.79,credit_card
2017-06-08,17417.14,credit_card
2017-06-09,12753.47,credit_card
2017-06-10,7611.69,credit_card
2017-06-11,15147.19,credit_card
2017-06-12,10729.18,credit_card
2017-06-13,13409.85,credit_card
2017-06-14,17299.95,credit_card
2017-06-15,12654.86,credit_card
2017-06-16,12591.47,credit_card
2017-06-17,9511.13,credit_card
2017-06-18,15211.02,credit_card
2017-06-19,18680.04,credit_card
2017-06-20,10654.03,credit_card
2017-06-21,5593.88,credit_card
2017-06-22,8996.56,credit_card
2017-06-23,10263.78,credit_card
2017-06-24,5423.89,credit_card
2017-06-25,17344.68,credit_card
2017-06-26,12500.86,credit_card
2017-06-27,13045.62,credit_card
2017-06-28,13665.58,credit_card
2017-06-29,11823.49,credit_card
2017-06-30,13137.68,credit_card
2017-07-01,12168,credit_card
2017-07-02,10384.42,credit_card
2017-07-03,15176.02,credit_card
2017-07-04,13332.42,credit_card
2017-07-05,19265.92,credit_card
2017-07-06,17199.16,credit_card
2017-07-07,12363.35,credit_card
2017-07-08,9667.07,credit_card
2017-07-09,8499.5,credit_card
2017-07-10,13903.02,credit_card
2017-07-11,19594.27,credit_card
2017-07-12,16419.38,credit_card
2017-07-13,11063.1,credit_card
2017-07-14,17018.29,credit_card
2017-07-15,10870.93,credit_card
2017-07-16,13831.09,credit_card
2017-07-17,21806.68,credit_card
2017-07-18,23179.61,credit_card
2017-07-19,14703.77,credit_card
2017-07-20,16550.53,credit_card
2017-07-21,12238.32,credit_card
2017-07-22,10618.21,credit_card
2017-07-23,10783.21,credit_card
2017-07-24,17255.16,credit_card
2017-07-25,14836.72,credit_card
2017-07-26,10650.9,credit_card
2017-07-27,15837.92,credit_card
2017-07-28,19177.14,credit_card
2017-07-29,16174.88,credit_card
2017-07-30,13743.34,credit_card
2017-07-31,16676.14,credit_card
2017-08-01,20734.26,credit_card
2017-08-02,16352.64,credit_card
2017-08-03,17759.16,credit_card
2017-08-04,17219.92,credit_card
2017-08-05,12157.3,credit_card
2017-08-06,14363.53,credit_card
2017-08-07,17805.58,credit_card
2017-08-08,16940.72,credit_card
2017-08-09,19381.08,credit_card
2017-08-10,15399.73,credit_card
2017-08-11,17682.76,credit_card
2017-08-12,13135.93,credit_card
2017-08-13,11938.09,credit_card
2017-08-14,16678.38,credit_card
2017-08-15,20062.6,credit_card
2017-08-16,24106,credit_card
2017-08-17,16583.77,credit_card
2017-08-18,13544.33,credit_card
2017-08-19,12639.32,credit_card
2017-08-20,12781.98,credit_card
2017-08-21,20714.1,credit_card
2017-08-22,15418.15,credit_card
2017-08-23,14037,credit_card
2017-08-24,11862.44,credit_card
2017-08-25,12943.62,credit_card
2017-08-26,9173.37,credit_card
2017-08-27,13500.23,credit_card
2017-08-28,21994.73,credit_card
2017-08-29,29149.3,credit_card
2017-08-30,27203.36,credit_card
2017-08-31,18332.31,credit_card
2017-09-01,28126.03,credit_card
2017-09-02,17000.69,credit_card
2017-09-03,28559.75,credit_card
2017-09-04,21021.05,credit_card
2017-09-05,19019.34,credit_card
2017-09-06,20000.07,credit_card
2017-09-07,17193.5,credit_card
2017-09-08,9468.25,credit_card
2017-09-09,14795.8,credit_card
2017-09-10,18146.46,credit_card
2017-09-11,20441.01,credit_card
2017-09-12,24211.5,credit_card
2017-09-13,25467.72,credit_card
2017-09-14,22228.89,credit_card
2017-09-15,17500.15,credit_card
2017-09-16,19113.78,credit_card
2017-09-17,19035.99,credit_card
2017-09-18,21800.57,credit_card
2017-09-19,16825.06,credit_card
2017-09-20,20996.54,credit_card
2017-09-21,17891.38,credit_card
2017-09-22,12990.37,credit_card
2017-09-23,10687.64,credit_card
2017-09-24,12460.55,credit_card
2017-09-25,15421.24,credit_card
2017-09-26,19604.27,credit_card
2017-09-27,19073.1,credit_card
2017-09-28,21700.43,credit_card
2017-09-29,31337.12,credit_card
2017-09-30,12365.9,credit_card
2017-10-01,18121.91,credit_card
2017-10-02,21005.7,credit_card
2017-10-03,22677.15,credit_card
2017-10-04,18824.79,credit_card
2017-10-05,23834.75,credit_card
2017-10-06,18157.33,credit_card
2017-10-07,15253.18,credit_card
2017-10-08,16415.27,credit_card
2017-10-09,24360.11,credit_card
2017-10-10,25389.61,credit_card
2017-10-11,21458.56,credit_card
2017-10-12,19320.12,credit_card
2017-10-13,19293.82,credit_card
2017-10-14,12321.19,credit_card
2017-10-15,18096.78,credit_card
2017-10-16,27135.46,credit_card
2017-10-17,28477.55,credit_card
2017-10-18,26109.72,credit_card
2017-10-19,21233.99,credit_card
2017-10-20,17556.4,credit_card
2017-10-21,12180.17,credit_card
2017-10-22,20673.37,credit_card
2017-10-23,18662.82,credit_card
2017-10-24,17002.84,credit_card
2017-10-25,16600.49,credit_card
2017-10-26,22214.09,credit_card
2017-10-27,17065.68,credit_card
2017-10-28,18612.56,credit_card
2017-10-29,15327.2,credit_card
2017-10-30,18597.38,credit_card
2017-10-31,22347.9,credit_card
2017-11-01,15057.59,credit_card
2017-11-02,21566.55,credit_card
2017-11-03,21922.64,credit_card
2017-11-04,17304.86,credit_card
2017-11-05,15928.62,credit_card
2017-11-06,22465.4,credit_card
2017-11-07,20066.68,credit_card
2017-11-08,18075.03,credit_card
2017-11-09,21537.07,credit_card
2017-11-10,16418.21,credit_card
2017-11-11,21880.19,credit_card
2017-11-12,23100.58,credit_card
2017-11-13,22180.01,credit_card
2017-11-14,22908.12,credit_card
2017-11-15,21920.37,credit_card
2017-11-16,22802.16,credit_card
2017-11-17,27807.31,credit_card
2017-11-18,23523.54,credit_card
2017-11-19,19907.53,credit_card
2017-11-20,40925.86,credit_card
2017-11-21,30080.66,credit_card
2017-11-22,23914.17,credit_card
2017-11-23,43334.26,credit_card
2017-11-24,144576.02,credit_card
2017-11-25,62565.41,credit_card
2017-11-26,45375.15,credit_card
2017-11-27,46449.55,credit_card
2017-11-28,43660.07,credit_card
2017-11-29,36450.61,credit_card
2017-11-30,29152.45,credit_card
2017-12-01,38362.75,credit_card
2017-12-02,28882.49,credit_card
2017-12-03,26383.14,credit_card
2017-12-04,42107.49,credit_card
2017-12-05,29874.95,credit_card
2017-12-06,36397.82,credit_card
2017-12-07,25383.47,credit_card
2017-12-08,26757.16,credit_card
2017-12-09,20946.99,credit_card
2017-12-10,22137.09,credit_card
2017-12-11,31658.99,credit_card
2017-12-12,34082.25,credit_card
2017-12-13,25051.25,credit_card
2017-12-14,23048.66,credit_card
2017-12-15,26005.67,credit_card
2017-12-16,18954.15,credit_card
2017-12-17,17239.57,credit_card
2017-12-18,25496.68,credit_card
2017-12-19,16048.31,credit_card
2017-12-20,24295.14,credit_card
2017-12-21,15835.2,credit_card
2017-12-22,13628.87,credit_card
2017-12-23,12306.95,credit_card
2017-12-24,5627,credit_card
2017-12-25,10678.19,credit_card
2017-12-26,17945.54,credit_card
2017-12-27,16673.6,credit_card
2017-12-28,14717.66,credit_card
2017-12-29,15189.68,credit_card
2017-12-30,13096.67,credit_card
2017-12-31,8046.21,credit_card
2018-01-01,6592.66,credit_card
2018-01-02,23898.93,credit_card
2018-01-03,28647.38,credit_card
2018-01-04,29332.61,credit_card
2018-01-05,26087.38,credit_card
2018-01-06,23250.86,credit_card
2018-01-07,29610.5,credit_card
2018-01-08,33611.51,credit_card
2018-01-09,28451.85,credit_card
2018-01-10,31555.1,credit_card
2018-01-11,32454.81,credit_card
2018-01-12,28937.88,credit_card
2018-01-13,25667.72,credit_card
2018-01-14,30529.9,credit_card
2018-01-15,32317.28,credit_card
2018-01-16,39413.82,credit_card
2018-01-17,33716.29,credit_card
2018-01-18,25873.24,credit_card
2018-01-19,28013.38,credit_card
2018-01-20,22637.37,credit_card
2018-01-21,23278.14,credit_card
2018-01-22,35561.13,credit_card
2018-01-23,31583.12,credit_card
2018-01-24,28656.24,credit_card
2018-01-25,28093.81,credit_card
2018-01-26,33721.9,credit_card
2018-01-27,19653.73,credit_card
2018-01-28,22406.93,credit_card
2018-01-29,27623.66,credit_card
2018-01-30,26843.56,credit_card
2018-01-31,30857.69,credit_card
2018-02-01,28921.8,credit_card
2018-02-02,25219.53,credit_card
2018-02-03,23479.86,credit_card
2018-02-04,24786.64,credit_card
2018-02-05,35400.41,credit_card
2018-02-06,29615.79,credit_card
2018-02-07,26624.08,credit_card
2018-02-08,25956.42,credit_card
2018-02-09,25936.37,credit_card
2018-02-10,22085.5,credit_card
2018-02-11,22313.94,credit_card
2018-02-12,24178.31,credit_card
2018-02-13,24556.96,credit_card
2018-02-14,32574.8,credit_card
2018-02-15,29328.72,credit_card
2018-02-16,26737.57,credit_card
2018-02-17,24573.84,credit_card
2018-02-18,25033.85,credit_card
2018-02-19,24806.11,credit_card
2018-02-20,32275.31,credit_card
2018-02-21,28235.25,credit_card
2018-02-22,27045.94,credit_card
2018-02-23,25678.93,credit_card
2018-02-24,23070.4,credit_card
2018-02-25,28036.25,credit_card
2018-02-26,37929.42,credit_card
2018-02-27,36225.1,credit_card
2018-02-28,38175.9,credit_card
2018-03-01,31982.81,credit_card
2018-03-02,29847.9,credit_card
2018-03-03,27054.83,credit_card
2018-03-04,32056.71,credit_card
2018-03-05,35442.94,credit_card
2018-03-06,36147.31,credit_card
2018-03-07,32256.21,credit_card
2018-03-08,25988.17,credit_card
2018-03-09,25513.8,credit_card
2018-03-10,28050.51,credit_card
2018-03-11,33414.16,credit_card
2018-03-12,28575.66,credit_card
2018-03-13,32533.27,credit_card
2018-03-14,22964.14,credit_card
2018-03-15,41992.25,credit_card
2018-03-16,28533.61,credit_card
2018-03-17,21872.33,credit_card
2018-03-18,32414.21,credit_card
2018-03-19,43390.73,credit_card
2018-03-20,31314.23,credit_card
2018-03-21,38327.18,credit_card
2018-03-22,29895,credit_card
2018-03-23,30337.93,credit_card
2018-03-24,25394.93,credit_card
2018-03-25,25625.9,credit_card
2018-03-26,31802.02,credit_card
2018-03-27,30640.25,credit_card
2018-03-28,25715.4,credit_card
2018-03-29,28624.91,credit_card
2018-03-30,21525.45,credit_card
2018-03-31,24535.35,credit_card
2018-04-01,28850.81,credit_card
2018-04-02,38708.58,credit_card
2018-04-03,31492.38,credit_card
2018-04-04,33303.42,credit_card
2018-04-05,33986.2,credit_card
2018-04-06,23370.87,credit_card
2018-04-07,24867.48,credit_card
2018-04-08,23432.85,credit_card
2018-04-09,46985.9,credit_card
2018-04-10,25068.99,credit_card
2018-04-11,36979.01,credit_card
2018-04-12,31506.74,credit_card
2018-04-13,26999.32,credit_card
2018-04-14,18709,credit_card
2018-04-15,31828.72,credit_card
2018-04-16,36972.72,credit_card
2018-04-17,33842.11,credit_card
2018-04-18,37067.74,credit_card
2018-04-19,36895.26,credit_card
2018-04-20,25553.22,credit_card
2018-04-21,20135.31,credit_card
2018-04-22,28499.75,credit_card
2018-04-23,36547.56,credit_card
2018-04-24,40108.74,credit_card
2018-04-25,40962.74,credit_card
2018-04-26,28623.59,credit_card
2018-04-27,41227.5,credit_card
2018-04-28,21288.69,credit_card
2018-04-29,18768.15,credit_card
2018-04-30,31722.65,credit_card
2018-05-01,31756.33,credit_card
2018-05-02,35482.77,credit_card
2018-05-03,39144.49,credit_card
2018-05-04,38281.45,credit_card
2018-05-05,27065.94,credit_card
2018-05-06,29588.74,credit_card
2018-05-07,49818.21,credit_card
2018-05-08,45901.7,credit_card
2018-05-09,39516.88,credit_card
2018-05-10,47715.61,credit_card
2018-05-11,35887.78,credit_card
2018-05-12,29186.78,credit_card
2018-05-13,29376.01,credit_card
2018-05-14,48751.18,credit_card
2018-05-15,38881.36,credit_card
2018-05-16,54533.15,credit_card
2018-05-17,28539.93,credit_card
2018-05-18,30847.5,credit_card
2018-05-19,23422.72,credit_card
2018-05-20,19827.11,credit_card
2018-05-21,23852.72,credit_card
2018-05-22,19561.74,credit_card
2018-05-23,16097.79,credit_card
2018-05-24,18354.49,credit_card
2018-05-25,15412.69,credit_card
2018-05-26,15451.83,credit_card
2018-05-27,13231.88,credit_card
2018-05-28,23270.01,credit_card
2018-05-29,20416.3,credit_card
2018-05-30,16515.58,credit_card
2018-05-31,21865.68,credit_card
2018-06-01,30147.92,credit_card
2018-06-02,25584.37,credit_card
2018-06-03,28429.99,credit_card
2018-06-04,25220.39,credit_card
2018-06-05,29716.08,credit_card
2018-06-06,27006.08,credit_card
2018-06-07,37177.3,credit_card
2018-06-08,24432.36,credit_card
2018-06-09,28752.73,credit_card
2018-06-10,25775.47,credit_card
2018-06-11,48444.58,credit_card
2018-06-12,38643.95,credit_card
2018-06-13,35436.53,credit_card
2018-06-14,27257.51,credit_card
2018-06-15,22315.67,credit_card
2018-06-16,24506.52,credit_card
2018-06-17,17112.97,credit_card
2018-06-18,27785.63,credit_card
2018-06-19,29367.71,credit_card
2018-06-20,22161.17,credit_card
2018-06-21,23683.02,credit_card
2018-06-22,21598.59,credit_card
2018-06-23,16186.84,credit_card
2018-06-24,25358.75,credit_card
2018-06-25,33026.49,credit_card
2018-06-26,26933.84,credit_card
2018-06-27,25273.32,credit_card
2018-06-28,29197.45,credit_card
2018-06-29,19429.25,credit_card
2018-06-30,15546.08,credit_card
2018-07-01,23189.39,credit_card
2018-07-02,21284.14,credit_card
2018-07-03,23873.62,credit_card
2018-07-04,32847.5,credit_card
2018-07-05,25810.36,credit_card
2018-07-06,14170.59,credit_card
2018-07-07,9933.61,credit_card
2018-07-08,14815.88,credit_card
2018-07-09,18548.41,credit_card
2018-07-10,17800.19,credit_card
2018-07-11,16351.5,credit_card
2018-07-12,23956.78,credit_card
2018-07-13,25773.23,credit_card
2018-07-14,21674.65,credit_card
2018-07-15,21318.68,credit_card
2018-07-16,24744.69,credit_card
2018-07-17,29142.64,credit_card
2018-07-18,40903.52,credit_card
2018-07-19,30491.54,credit_card
2018-07-20,30792.93,credit_card
2018-07-21,21075.56,credit_card
2018-07-22,28526.22,credit_card
2018-07-23,37378.13,credit_card
2018-07-24,35900.79,credit_card
2018-07-25,31853.35,credit_card
2018-07-26,30770.24,credit_card
2018-07-27,26252.82,credit_card
2018-07-28,24607.68,credit_card
2018-07-29,23930.98,credit_card
2018-07-30,34299.85,credit_card
2018-07-31,41655.02,credit_card
2018-08-01,36500.48,credit_card
2018-08-02,38205.74,credit_card
2018-08-03,36544.1,credit_card
2018-08-04,32220.85,credit_card
2018-08-05,33561.69,credit_card
2018-08-06,53533.63,credit_card
2018-08-07,44179.39,credit_card
2018-08-08,42547.28,credit_card
2018-08-09,32966.53,credit_card
2018-08-10,30489.27,credit_card
2018-08-11,26478.34,credit_card
2018-08-12,30750.41,credit_card
2018-08-13,36332.53,credit_card
2018-08-14,41369.97,credit_card
2018-08-15,42713.22,credit_card
2018-08-16,31947.15,credit_card
2018-08-17,28261.03,credit_card
2018-08-18,24530.79,credit_card
2018-08-19,26319.2,credit_card
2018-08-20,31870.13,credit_card
2018-08-21,25144.79,credit_card
2018-08-22,18816.4,credit_card
2018-08-23,15405.07,credit_card
2018-08-24,9237.42,credit_card
2018-08-25,9468.44,credit_card
2018-08-26,8249.56,credit_card
2018-08-27,4583.65,credit_card
2018-08-28,3720.42,credit_card
2018-08-29,1701.41,credit_card
2016-10-03,138.28,boleto
2016-10-04,1758.51,boleto
2016-10-05,2403.17,boleto
2016-10-06,1108.79,boleto
2016-10-07,2222.12,boleto
2016-10-08,822.97,boleto
2016-10-09,168.38,boleto
2016-10-10,1056.84,boleto
2017-01-05,571.31,boleto
2017-01-06,21.45,boleto
2017-01-08,25.1,boleto
2017-01-09,167.99,boleto
2017-01-10,152.75,boleto
2017-01-11,452.5,boleto
2017-01-13,425.07,boleto
2017-01-15,771.68,boleto
2017-01-16,223.62,boleto
2017-01-17,1242.58,boleto
2017-01-18,972.6,boleto
2017-01-19,405.32,boleto
2017-01-20,883.21,boleto
2017-01-21,318.83,boleto
2017-01-22,364.27,boleto
2017-01-23,1226.5,boleto
2017-01-24,1091.51,boleto
2017-01-25,1155.8,boleto
2017-01-26,3424.76,boleto
2017-01-27,2479.48,boleto
2017-01-28,744.36,boleto
2017-01-29,645.79,boleto
2017-01-30,2762.67,boleto
2017-01-31,3545.28,boleto
2017-02-01,3646.64,boleto
2017-02-02,3550.3,boleto
2017-02-03,4387.38,boleto
2017-02-04,1101.57,boleto
2017-02-05,2101.91,boleto
2017-02-06,2817.89,boleto
2017-02-07,3670.35,boleto
2017-02-08,4823.88,boleto
2017-02-09,1328.43,boleto
2017-02-10,1121.54,boleto
2017-02-11,899.19,boleto
2017-02-12,2986.08,boleto
2017-02-13,2446.84,boleto
2017-02-14,2196.79,boleto
2017-02-15,1627.87,boleto
2017-02-16,1150.43,boleto
2017-02-17,1465.42,boleto
2017-02-18,1917.7,boleto
2017-02-19,1004.89,boleto
2017-02-20,3370.34,boleto
2017-02-21,1510.59,boleto
2017-02-22,2213.55,boleto
2017-02-23,1924.96,boleto
2017-02-24,1091.99,boleto
2017-02-25,1505.72,boleto
2017-02-26,467.54,boleto
2017-02-27,326.08,boleto
2017-02-28,820.87,boleto
2017-03-01,6098.06,boleto
2017-03-02,1508.87,boleto
2017-03-03,3435.75,boleto
2017-03-04,2319.01,boleto
2017-03-05,642.92,boleto
2017-03-06,2399.3,boleto
2017-03-07,2064.97,boleto
2017-03-08,2133.69,boleto
2017-03-09,3908.96,boleto
2017-03-10,3564.04,boleto
2017-03-11,2201.78,boleto
2017-03-12,1372.55,boleto
2017-03-13,2600.57,boleto
2017-03-14,3547.16,boleto
2017-03-15,2934.63,boleto
2017-03-16,3684.27,boleto
2017-03-17,1551.25,boleto
2017-03-18,2475.77,boleto
2017-03-19,896.93,boleto
2017-03-20,3290.29,boleto
2017-03-21,2890.84,boleto
2017-03-22,2171.73,boleto
2017-03-23,4387.21,boleto
2017-03-24,3529.84,boleto
2017-03-25,1865.97,boleto
2017-03-26,1543.73,boleto
2017-03-27,5584.1,boleto
2017-03-28,3055.27,boleto
2017-03-29,2095.26,boleto
2017-03-30,1318.15,boleto
2017-03-31,1087.66,boleto
2017-04-01,3267.6,boleto
2017-04-02,1954.5,boleto
2017-04-03,4104.97,boleto
2017-04-04,2784.66,boleto
2017-04-05,2607.73,boleto
2017-04-06,8696.71,boleto
2017-04-07,3270.38,boleto
2017-04-08,1489.38,boleto
2017-04-09,952.33,boleto
2017-04-10,2223.78,boleto
2017-04-11,1607.97,boleto
2017-04-12,2043.65,boleto
2017-04-13,1274.38,boleto
2017-04-14,656.31,boleto
2017-04-15,1564.63,boleto
2017-04-16,946.06,boleto
2017-04-17,1929.73,boleto
2017-04-18,1585.16,boleto
2017-04-19,3569.92,boleto
2017-04-20,3949.52,boleto
2017-04-21,1996.71,boleto
2017-04-22,2949.89,boleto
2017-04-23,2968.7,boleto
2017-04-24,5645.09,boleto
2017-04-25,4569.66,boleto
2017-04-26,2080.39,boleto
2017-04-27,2531.26,boleto
2017-04-28,5615.91,boleto
2017-04-29,1260.94,boleto
2017-04-30,1209.32,boleto
2017-05-01,1990.8,boleto
2017-05-02,4327.4,boleto
2017-05-03,2210.43,boleto
2017-05-04,3517.32,boleto
2017-05-05,4117.49,boleto
2017-05-06,1321,boleto
2017-05-07,2090.85,boleto
2017-05-08,3345.78,boleto
2017-05-09,11199.43,boleto
2017-05-10,7610.43,boleto
2017-05-11,5731.43,boleto
2017-05-12,3412.15,boleto
2017-05-13,1938.75,boleto
2017-05-14,1467.97,boleto
2017-05-15,8753.12,boleto
2017-05-16,4304.01,boleto
2017-05-17,3884.48,boleto
2017-05-18,4245,boleto
2017-05-19,3224.47,boleto
2017-05-20,2257.73,boleto
2017-05-21,4639.31,boleto
2017-05-22,5985,boleto
2017-05-23,2378.67,boleto
2017-05-24,10758.15,boleto
2017-05-25,3075.34,boleto
2017-05-26,2532.59,boleto
2017-05-27,2859.68,boleto
2017-05-28,2110.76,boleto
2017-05-29,3271.11,boleto
2017-05-30,4793.75,boleto
2017-05-31,5298.5,boleto
2017-06-01,7725.3,boleto
2017-06-02,3340.58,boleto
2017-06-03,2411.2,boleto
2017-06-04,1431.45,boleto
2017-06-05,5513.48,boleto
2017-06-06,2686.34,boleto
2017-06-07,2731.54,boleto
2017-06-08,4206.37,boleto
2017-06-09,4399.22,boleto
2017-06-10,1985.7,boleto
2017-06-11,3638.36,boleto
2017-06-12,5470.17,boleto
2017-06-13,3003.66,boleto
2017-06-14,5896.89,boleto
2017-06-15,2210.83,boleto
2017-06-16,1580.74,boleto
2017-06-17,3126.67,boleto
2017-06-18,4216.92,boleto
2017-06-19,6906.57,boleto
2017-06-20,3530.94,boleto
2017-06-21,1649.49,boleto
2017-06-22,1593.48,boleto
2017-06-23,5327.81,boleto
2017-06-24,4502.78,boleto
2017-06-25,3031.6,boleto
2017-06-26,2572.74,boleto
2017-06-27,4991.33,boleto
2017-06-28,3116.15,boleto
2017-06-29,2317.33,boleto
2017-06-30,2658.52,boleto
2017-07-01,1492.91,boleto
2017-07-02,2828.45,boleto
2017-07-03,3557.19,boleto
2017-07-04,4325.23,boleto
2017-07-05,4764.91,boleto
2017-07-06,7861.21,boleto
2017-07-07,3144.8,boleto
2017-07-08,2136.15,boleto
2017-07-09,1823.37,boleto
2017-07-10,6025.6,boleto
2017-07-11,4945.58,boleto
2017-07-12,5560.13,boleto
2017-07-13,5989.86,boleto
2017-07-14,4436.22,boleto
2017-07-15,2055.7,boleto
2017-07-16,2132.11,boleto
2017-07-17,3038.56,boleto
2017-07-18,7943.88,boleto
2017-07-19,4766.83,boleto
2017-07-20,4915.05,boleto
2017-07-21,2781.36,boleto
2017-07-22,2496.11,boleto
2017-07-23,2641.05,boleto
2017-07-24,5220.48,boleto
2017-07-25,4787.51,boleto
2017-07-26,2740.69,boleto
2017-07-27,2990.73,boleto
2017-07-28,3999.16,boleto
2017-07-29,1157.9,boleto
2017-07-30,1122.63,boleto
2017-07-31,3094.12,boleto
2017-08-01,4633.1,boleto
2017-08-02,4630.23,boleto
2017-08-03,4280.88,boleto
2017-08-04,4083.93,boleto
2017-08-05,1269.96,boleto
2017-08-06,2466.97,boleto
2017-08-07,7778.95,boleto
2017-08-08,4043.96,boleto
2017-08-09,3980.48,boleto
2017-08-10,7707.22,boleto
2017-08-11,5214.11,boleto
2017-08-12,2874.65,boleto
2017-08-13,3673.59,boleto
2017-08-14,4795.78,boleto
2017-08-15,6506.71,boleto
2017-08-16,3037.34,boleto
2017-08-17,4733.8,boleto
2017-08-18,5534.89,boleto
2017-08-19,2125.74,boleto
2017-08-20,1971.24,boleto
2017-08-21,4741.31,boleto
2017-08-22,3608.75,boleto
2017-08-23,4306.05,boleto
2017-08-24,4408.62,boleto
2017-08-25,4313.2,boleto
2017-08-26,2225.53,boleto
2017-08-27,2264.46,boleto
2017-08-28,3491.64,boleto
2017-08-29,7206.17,boleto
2017-08-30,7499.15,boleto
2017-08-31,4881.4,boleto
2017-09-01,2928.1,boleto
2017-09-02,3043.28,boleto
2017-09-03,2141.5,boleto
2017-09-04,6734.83,boleto
2017-09-05,5061.99,boleto
2017-09-06,6318.86,boleto
2017-09-07,2194.47,boleto
2017-09-08,4892.93,boleto
2017-09-09,2750.95,boleto
2017-09-10,2265.33,boleto
2017-09-11,5814.89,boleto
2017-09-12,7880.07,boleto
2017-09-13,5633.75,boleto
2017-09-14,3144.37,boleto
2017-09-15,3537.13,boleto
2017-09-16,4630.94,boleto
2017-09-17,3344.62,boleto
2017-09-18,9628.35,boleto
2017-09-19,5970.65,boleto
2017-09-20,4358.74,boleto
2017-09-21,4311.82,boleto
2017-09-22,5658.66,boleto
2017-09-23,1576.76,boleto
2017-09-24,2678.3,boleto
2017-09-25,5645.29,boleto
2017-09-26,4668.22,boleto
2017-09-27,4782.6,boleto
2017-09-28,4076.76,boleto
2017-09-29,3042.63,boleto
2017-09-30,2325.45,boleto
2017-10-01,3163.27,boleto
2017-10-02,3984.29,boleto
2017-10-03,6607.19,boleto
2017-10-04,4773.63,boleto
2017-10-05,4884.05,boleto
2017-10-06,3044.64,boleto
2017-10-07,2213.52,boleto
2017-10-08,2604.92,boleto
2017-10-09,8814.31,boleto
2017-10-10,6384.16,boleto
2017-10-11,3750.79,boleto
2017-10-12,2663.13,boleto
2017-10-13,6518.58,boleto
2017-10-14,2942.05,boleto
2017-10-15,2427.06,boleto
2017-10-16,6676.55,boleto
2017-10-17,5951.68,boleto
2017-10-18,4679.82,boleto
2017-10-19,5254.51,boleto
2017-10-20,4127.29,boleto
2017-10-21,4947.04,boleto
2017-10-22,2313.14,boleto
2017-10-23,6491.2,boleto
2017-10-24,8509.49,boleto
2017-10-25,4093.8,boleto
2017-10-26,3280.95,boleto
2017-10-27,5385.37,boleto
2017-10-28,909.16,boleto
2017-10-29,4378.39,boleto
2017-10-30,4480.81,boleto
2017-10-31,4378.66,boleto
2017-11-01,7156.59,boleto
2017-11-02,3320.18,boleto
2017-11-03,4190.63,boleto
2017-11-04,4185.34,boleto
2017-11-05,5402.5,boleto
2017-11-06,10381.56,boleto
2017-11-07,3414.9,boleto
2017-11-08,4111.47,boleto
2017-11-09,6628.18,boleto
2017-11-10,5936.63,boleto
2017-11-11,5254.52,boleto
2017-11-12,3341.53,boleto
2017-11-13,7122.43,boleto
2017-11-14,8555.9,boleto
2017-11-15,5302.69,boleto
2017-11-16,9278.75,boleto
2017-11-17,6886.58,boleto
2017-11-18,3542.98,boleto
2017-11-19,2873.76,boleto
2017-11-20,9277.23,boleto
2017-11-21,9444.81,boleto
2017-11-22,6200.2,boleto
2017-11-23,8259.79,boleto
2017-11-24,32249.56,boleto
2017-11-25,8209.4,boleto
2017-11-26,6916.38,boleto
2017-11-27,9384.94,boleto
2017-11-28,12172,boleto
2017-11-29,10445.05,boleto
2017-11-30,6845.86,boleto
2017-12-01,7320.93,boleto
2017-12-02,6058.04,boleto
2017-12-03,7273.73,boleto
2017-12-04,13430.4,boleto
2017-12-05,9463,boleto
2017-12-06,8926.84,boleto
2017-12-07,7270.95,boleto
2017-12-08,7228.1,boleto
2017-12-09,2056.41,boleto
2017-12-10,6699.33,boleto
2017-12-11,7060.38,boleto
2017-12-12,5669.33,boleto
2017-12-13,7605.05,boleto
2017-12-14,7041.32,boleto
2017-12-15,4607.7,boleto
2017-12-16,2662.02,boleto
2017-12-17,1982.26,boleto
2017-12-18,7613.14,boleto
2017-12-19,6583,boleto
2017-12-20,6869.84,boleto
2017-12-21,5125.97,boleto
2017-12-22,3730.39,boleto
2017-12-23,2736.59,boleto
2017-12-24,959.15,boleto
2017-12-25,1609.56,boleto
2017-12-26,4838.75,boleto
2017-12-27,3399.01,boleto
2017-12-28,1885.84,boleto
2017-12-29,4449.74,boleto
2017-12-30,1724.35,boleto
2017-12-31,1702.93,boleto
2018-01-01,1468.48,boleto
2018-01-02,4389.01,boleto
2018-01-03,7161.05,boleto
2018-01-04,10166.59,boleto
2018-01-05,5352.7,boleto
2018-01-06,8390.77,boleto
2018-01-07,3545.98,boleto
2018-01-08,10763.1,boleto
2018-01-09,6313.13,boleto
2018-01-10,11733.37,boleto
2018-01-11,12789.02,boleto
2018-01-12,7276.75,boleto
2018-01-13,4564.91,boleto
2018-01-14,4382.75,boleto
2018-01-15,9419.49,boleto
2018-01-16,10332.52,boleto
2018-01-17,6618.1,boleto
2018-01-18,6134.69,boleto
2018-01-19,6351.08,boleto
2018-01-20,3425.31,boleto
2018-01-21,4117.25,boleto
2018-01-22,6292.47,boleto
2018-01-23,7260.64,boleto
2018-01-24,6282.41,boleto
2018-01-25,6684.08,boleto
2018-01-26,4917.38,boleto
2018-01-27,4459.63,boleto
2018-01-28,4757.9,boleto
2018-01-29,6643.36,boleto
2018-01-30,7777.98,boleto
2018-01-31,5072.76,boleto
2018-02-01,5069.03,boleto
2018-02-02,6241.05,boleto
2018-02-03,3410.37,boleto
2018-02-04,3171.17,boleto
2018-02-05,6399.07,boleto
2018-02-06,9698.5,boleto
2018-02-07,7143.56,boleto
2018-02-08,4495.87,boleto
2018-02-09,9049.36,boleto
2018-02-10,2746.14,boleto
2018-02-11,2897.52,boleto
2018-02-12,2878.57,boleto
2018-02-13,4084.57,boleto
2018-02-14,9002.01,boleto
2018-02-15,8318.3,boleto
2018-02-16,4697.8,boleto
2018-02-17,4816.85,boleto
2018-02-18,2939.34,boleto
2018-02-19,8294.17,boleto
2018-02-20,9031.44,boleto
2018-02-21,7450.98,boleto
2018-02-22,9793.67,boleto
2018-02-23,6349.43,boleto
2018-02-24,4592.12,boleto
2018-02-25,6487.01,boleto
2018-02-26,11282.17,boleto
2018-02-27,10013.04,boleto
2018-02-28,12759.61,boleto
2018-03-01,13476.73,boleto
2018-03-02,6388.82,boleto
2018-03-03,4279.81,boleto
2018-03-04,4634.43,boleto
2018-03-05,9517.65,boleto
2018-03-06,8795.27,boleto
2018-03-07,9560.21,boleto
2018-03-08,7308.57,boleto
2018-03-09,7489.58,boleto
2018-03-10,2432.6,boleto
2018-03-11,2698.89,boleto
2018-03-12,6948.43,boleto
2018-03-13,8296.09,boleto
2018-03-14,4841.95,boleto
2018-03-15,9070.59,boleto
2018-03-16,8479.4,boleto
2018-03-17,1552.06,boleto
2018-03-18,2528.82,boleto
2018-03-19,8404.95,boleto
2018-03-20,8435.53,boleto
2018-03-21,5943.9,boleto
2018-03-22,5528.85,boleto
2018-03-23,3312.48,boleto
2018-03-24,2117.89,boleto
2018-03-25,4135.9,boleto
2018-03-26,8704.49,boleto
2018-03-27,6992.25,boleto
2018-03-28,8492.17,boleto
2018-03-29,3459.4,boleto
2018-03-30,4074.34,boleto
2018-03-31,3635.97,boleto
2018-04-01,4110.44,boleto
2018-04-02,8305.98,boleto
2018-04-03,10042.66,boleto
2018-04-04,9375.68,boleto
2018-04-05,6432.73,boleto
2018-04-06,8086.41,boleto
2018-04-07,3779.6,boleto
2018-04-08,3632.03,boleto
2018-04-09,8207.77,boleto
2018-04-10,6608.82,boleto
2018-04-11,9410.01,boleto
2018-04-12,7079.83,boleto
2018-04-13,8150.19,boleto
2018-04-14,3503.3,boleto
2018-04-15,4165.57,boleto
2018-04-16,7495.32,boleto
2018-04-17,7615.14,boleto
2018-04-18,8282.4,boleto
2018-04-19,9931.34,boleto
2018-04-20,5845.01,boleto
2018-04-21,1230.62,boleto
2018-04-22,2718.06,boleto
2018-04-23,5606.36,boleto
2018-04-24,8936.36,boleto
2018-04-25,5692.19,boleto
2018-04-26,6905.41,boleto
2018-04-27,5124.96,boleto
2018-04-28,4818.6,boleto
2018-04-29,3860.65,boleto
2018-04-30,8593.65,boleto
2018-05-01,7155.29,boleto
2018-05-02,8180.69,boleto
2018-05-03,9192.4,boleto
2018-05-04,6626.84,boleto
2018-05-05,4981.37,boleto
2018-05-06,3510.57,boleto
2018-05-07,11399.18,boleto
2018-05-08,8265.04,boleto
2018-05-09,9834.6,boleto
2018-05-10,9682.84,boleto
2018-05-11,6049.79,boleto
2018-05-12,3529.43,boleto
2018-05-13,6739.37,boleto
2018-05-14,12697.95,boleto
2018-05-15,8966.09,boleto
2018-05-16,9620.34,boleto
2018-05-17,6917.66,boleto
2018-05-18,5179.84,boleto
2018-05-19,4468.31,boleto
2018-05-20,2900.34,boleto
2018-05-21,6259.01,boleto
2018-05-22,11652.72,boleto
2018-05-23,2973.1,boleto
2018-05-24,3441.83,boleto
2018-05-25,2369.82,boleto
2018-05-26,1176.69,boleto
2018-05-27,1169.06,boleto
2018-05-28,6608.02,boleto
2018-05-29,7272.97,boleto
2018-05-30,5120.8,boleto
2018-05-31,1436.97,boleto
2018-06-01,6046.36,boleto
2018-06-02,2994.5,boleto
2018-06-03,3885.02,boleto
2018-06-04,7534.27,boleto
2018-06-05,5801.21,boleto
2018-06-06,4341.49,boleto
2018-06-07,4254.29,boleto
2018-06-08,6372.26,boleto
2018-06-09,2225.36,boleto
2018-06-10,3280.35,boleto
2018-06-11,6686.43,boleto
2018-06-12,5813.19,boleto
2018-06-13,4691.56,boleto
2018-06-14,3509.44,boleto
2018-06-15,4998.64,boleto
2018-06-16,3587.59,boleto
2018-06-17,2900.38,boleto
2018-06-18,8834.64,boleto
2018-06-19,7249.42,boleto
2018-06-20,4860.02,boleto
2018-06-21,8378.51,boleto
2018-06-22,4680.96,boleto
2018-06-23,3033.35,boleto
2018-06-24,2138.14,boleto
2018-06-25,7785.26,boleto
2018-06-26,7155.38,boleto
2018-06-27,5254.96,boleto
2018-06-28,6826.79,boleto
2018-06-29,5233.73,boleto
2018-06-30,2996.78,boleto
2018-07-01,5224.23,boleto
2018-07-02,6702.74,boleto
2018-07-03,5102.45,boleto
2018-07-04,7019.36,boleto
2018-07-05,7046.76,boleto
2018-07-06,5991.7,boleto
2018-07-07,1118.36,boleto
2018-07-08,1792.89,boleto
2018-07-09,3189.43,boleto
2018-07-10,3447.37,boleto
2018-07-11,4446.65,boleto
2018-07-12,2415.6,boleto
2018-07-13,5921.5,boleto
2018-07-14,3924.08,boleto
2018-07-15,11458.04,boleto
2018-07-16,11273.18,boleto
2018-07-17,4635.57,boleto
2018-07-18,8016.71,boleto
2018-07-19,12365.4,boleto
2018-07-20,5742.52,boleto
2018-07-21,2874.75,boleto
2018-07-22,3203.4,boleto
2018-07-23,8726.3,boleto
2018-07-24,7889.48,boleto
2018-07-25,13885.9,boleto
2018-07-26,8746.7,boleto
2018-07-27,5053.72,boleto
2018-07-28,4075.75,boleto
2018-07-29,5530.98,boleto
2018-07-30,9906.47,boleto
2018-07-31,11313.25,boleto
2018-08-01,8858.87,boleto
2018-08-02,5174.7,boleto
2018-08-03,10502.99,boleto
2018-08-04,5459.42,boleto
2018-08-05,6203.79,boleto
2018-08-06,10065.98,boleto
2018-08-07,10367.96,boleto
2018-08-08,5693.09,boleto
2018-08-09,8063.34,boleto
2018-08-10,6859.33,boleto
2018-08-11,3278.21,boleto
2018-08-12,2629.28,boleto
2018-08-13,6775.74,boleto
2018-08-14,6512.09,boleto
2018-08-15,8026.47,boleto
2018-08-16,7288.72,boleto
2018-08-17,4904.54,boleto
2018-08-18,2359.14,boleto
2018-08-19,2517,boleto
2018-08-20,5299.33,boleto
2018-08-21,4511.04,boleto
2018-08-22,4792.92,boleto
2018-08-23,3369.7,boleto
2018-08-24,1387.48,boleto
2018-08-25,927.9,boleto
2018-08-26,449.31,boleto
2018-08-27,1200,boleto
2018-08-28,327.56,boleto
2016-10-04,161.53,voucher
2016-10-05,138.55,voucher
2016-10-07,250,voucher
2016-10-08,100,voucher
2016-10-09,105.62,voucher
2016-10-10,61.38,voucher
2016-10-22,61.99,voucher
2017-01-06,650,voucher
2017-01-12,21.45,voucher
2017-01-17,144.14,voucher
2017-01-18,266.5,voucher
2017-01-20,321.63,voucher
2017-01-23,504.24,voucher
2017-01-24,62.6,voucher
2017-01-25,345.15,voucher
2017-01-26,244.32,voucher
2017-01-27,530.88,voucher
2017-01-28,383.71,voucher
2017-01-30,192.85,voucher
2017-01-31,386.93,voucher
2017-02-01,225.02,voucher
2017-02-03,172.09,voucher
2017-02-04,159.99,voucher
2017-02-05,50,voucher
2017-02-06,37.29,voucher
2017-02-07,551.68,voucher
2017-02-08,490.3,voucher
2017-02-09,178.33,voucher
2017-02-10,298.64,voucher
2017-02-11,55.37,voucher
2017-02-12,118.9,voucher
2017-02-13,315.04,voucher
2017-02-14,252.45,voucher
2017-02-15,194.51,voucher
2017-02-16,66.51,voucher
2017-02-17,134.4,voucher
2017-02-18,555.11,voucher
2017-02-19,230.84,voucher
2017-02-20,316.64,voucher
2017-02-21,61,voucher
2017-02-22,235.92,voucher
2017-02-23,176.88,voucher
2017-02-24,617.82,voucher
2017-02-25,248.79,voucher
2017-02-27,423.87,voucher
2017-03-01,291.03,voucher
2017-03-02,165.92,voucher
2017-03-03,39.31,voucher
2017-03-04,133.45,voucher
2017-03-05,487.36,voucher
2017-03-06,192.98,voucher
2017-03-07,180.24,voucher
2017-03-08,283.51,voucher
2017-03-09,664.66,voucher
2017-03-10,458.28,voucher
2017-03-11,469.07,voucher
2017-03-12,55.96,voucher
2017-03-13,311.92,voucher
2017-03-14,605.99,voucher
2017-03-15,485.79,voucher
2017-03-17,256.3,voucher
2017-03-18,1405.52,voucher
2017-03-19,23.9,voucher
2017-03-20,108.09,voucher
2017-03-21,335.59,voucher
2017-03-22,231.26,voucher
2017-03-23,541.54,voucher
2017-03-24,50.72,voucher
2017-03-25,261.93,voucher
2017-03-26,631.05,voucher
2017-03-27,189.97,voucher
2017-03-28,377.2,voucher
2017-03-29,72.18,voucher
2017-03-30,204.24,voucher
2017-03-31,106.37,voucher
2017-04-01,236.08,voucher
2017-04-02,146.09,voucher
2017-04-03,105.14,voucher
2017-04-04,713.97,voucher
2017-04-05,393.48,voucher
2017-04-06,494.14,voucher
2017-04-07,671.02,voucher
2017-04-08,837.28,voucher
2017-04-09,343.64,voucher
2017-04-10,1400.33,voucher
2017-04-11,185.94,voucher
2017-04-12,332.52,voucher
2017-04-13,122.01,voucher
2017-04-15,90.98,voucher
2017-04-16,254.67,voucher
2017-04-17,310.76,voucher
2017-04-18,155.77,voucher
2017-04-19,226.14,voucher
2017-04-20,1111.8,voucher
2017-04-21,844.4,voucher
2017-04-22,192.74,voucher
2017-04-23,303.03,voucher
2017-04-24,403.75,voucher
2017-04-25,151.85,voucher
2017-04-26,559.13,voucher
2017-04-27,153.52,voucher
2017-04-28,593.88,voucher
2017-04-29,123.05,voucher
2017-04-30,145.96,voucher
2017-05-01,162.85,voucher
2017-05-02,223.5,voucher
2017-05-03,557.33,voucher
2017-05-04,122.37,voucher
2017-05-05,979.89,voucher
2017-05-06,68.26,voucher
2017-05-07,259.69,voucher
2017-05-08,416.3,voucher
2017-05-09,247.29,voucher
2017-05-10,399.86,voucher
2017-05-11,724.6,voucher
2017-05-12,237.39,voucher
2017-05-13,106.5,voucher
2017-05-14,1001.06,voucher
2017-05-15,1012.97,voucher
2017-05-16,749.9,voucher
2017-05-17,288.77,voucher
2017-05-18,322.35,voucher
2017-05-19,830.66,voucher
2017-05-20,688.66,voucher
2017-05-21,286.17,voucher
2017-05-22,880.84,voucher
2017-05-23,411.6,voucher
2017-05-24,1120.85,voucher
2017-05-25,1249.63,voucher
2017-05-26,92.71,voucher
2017-05-27,301.19,voucher
2017-05-28,322.83,voucher
2017-05-29,1195.05,voucher
2017-05-30,336.2,voucher
2017-05-31,597.93,voucher
2017-06-01,580.4,voucher
2017-06-02,783.36,voucher
2017-06-03,501.81,voucher
2017-06-04,445.69,voucher
2017-06-05,640.97,voucher
2017-06-06,96.6,voucher
2017-06-07,481.51,voucher
2017-06-08,449.99,voucher
2017-06-09,1016.61,voucher
2017-06-10,294.71,voucher
2017-06-11,515.31,voucher
2017-06-12,965.15,voucher
2017-06-13,383.68,voucher
2017-06-14,113.62,voucher
2017-06-15,239.57,voucher
2017-06-16,573.39,voucher
2017-06-17,432.36,voucher
2017-06-18,305.75,voucher
2017-06-19,346.83,voucher
2017-06-20,474.85,voucher
2017-06-21,31.73,voucher
2017-06-22,19,voucher
2017-06-23,55.28,voucher
2017-06-24,87.03,voucher
2017-06-25,358.06,voucher
2017-06-26,126.72,voucher
2017-06-27,1565.52,voucher
2017-06-28,213.99,voucher
2017-06-29,416.43,voucher
2017-06-30,293.86,voucher
2017-07-01,478.09,voucher
2017-07-02,762.73,voucher
2017-07-03,594.97,voucher
2017-07-04,449.95,voucher
2017-07-05,633.75,voucher
2017-07-06,1361.85,voucher
2017-07-07,653.11,voucher
2017-07-08,198.13,voucher
2017-07-09,342.27,voucher
2017-07-10,362.29,voucher
2017-07-11,362.61,voucher
2017-07-12,472.92,voucher
2017-07-13,933.79,voucher
2017-07-14,115.08,voucher
2017-07-15,201.42,voucher
2017-07-16,187.03,voucher
2017-07-17,954.3,voucher
2017-07-18,1254.06,voucher
2017-07-19,745.39,voucher
2017-07-20,1013.09,voucher
2017-07-21,851.11,voucher
2017-07-22,204.22,voucher
2017-07-23,642.57,voucher
2017-07-24,355.91,voucher
2017-07-25,1089.47,voucher
2017-07-26,612.16,voucher
2017-07-27,117.17,voucher
2017-07-28,100,voucher
2017-07-29,1039.13,voucher
2017-07-30,475.72,voucher
2017-07-31,709.65,voucher
2017-08-01,50,voucher
2017-08-02,707.39,voucher
2017-08-03,340.51,voucher
2017-08-04,312.66,voucher
2017-08-05,1038.58,voucher
2017-08-06,104.71,voucher
2017-08-07,765.22,voucher
2017-08-08,556.45,voucher
2017-08-09,792.46,voucher
2017-08-10,375.42,voucher
2017-08-11,730.24,voucher
2017-08-12,210.51,voucher
2017-08-13,266.3,voucher
2017-08-14,493.89,voucher
2017-08-15,1327.82,voucher
2017-08-16,750.17,voucher
2017-08-17,373.09,voucher
2017-08-18,927.83,voucher
2017-08-19,407.86,voucher
2017-08-20,255.87,voucher
2017-08-21,489.15,voucher
2017-08-22,733.98,voucher
2017-08-23,168.56,voucher
2017-08-24,127.67,voucher
2017-08-25,146.9,voucher
2017-08-26,525.6,voucher
2017-08-27,498.45,voucher
2017-08-28,210.22,voucher
2017-08-29,506.45,voucher
2017-08-30,679.53,voucher
2017-08-31,500.49,voucher
2017-09-01,991.48,voucher
2017-09-02,393.21,voucher
2017-09-03,66.55,voucher
2017-09-04,841.05,voucher
2017-09-05,775.71,voucher
2017-09-06,1982.68,voucher
2017-09-07,1871.65,voucher
2017-09-08,222.48,voucher
2017-09-09,134.47,voucher
2017-09-10,566.81,voucher
2017-09-11,511.65,voucher
2017-09-12,592.48,voucher
2017-09-13,461.8,voucher
2017-09-14,642.81,voucher
2017-09-15,442.59,voucher
2017-09-16,295.59,voucher
2017-09-17,389.92,voucher
2017-09-18,928.68,voucher
2017-09-19,682.95,voucher
2017-09-20,644.32,voucher
2017-09-21,166.62,voucher
2017-09-22,519.98,voucher
2017-09-23,310.43,voucher
2017-09-24,741.21,voucher
2017-09-25,83.52,voucher
2017-09-26,544.78,voucher
2017-09-27,996.56,voucher
2017-09-28,532.31,voucher
2017-09-29,117.72,voucher
2017-09-30,93.69,voucher
2017-10-01,624.25,voucher
2017-10-02,474.34,voucher
2017-10-03,387.35,voucher
2017-10-04,1189.16,voucher
2017-10-05,253.38,voucher
2017-10-06,688.61,voucher
2017-10-07,317.43,voucher
2017-10-08,388.41,voucher
2017-10-09,1585.39,voucher
2017-10-10,785.3,voucher
2017-10-11,644.98,voucher
2017-10-12,392.59,voucher
2017-10-13,709.5,voucher
2017-10-14,887.22,voucher
2017-10-15,404.87,voucher
2017-10-16,1247.77,voucher
2017-10-17,670.56,voucher
2017-10-18,537.05,voucher
2017-10-19,160.66,voucher
2017-10-20,295.51,voucher
2017-10-21,693.17,voucher
2017-10-22,286.54,voucher
2017-10-23,672.31,voucher
2017-10-24,226.94,voucher
2017-10-25,200.95,voucher
2017-10-26,881.79,voucher
2017-10-27,922.81,voucher
2017-10-28,1050.92,voucher
2017-10-29,457.45,voucher
2017-10-30,571.1,voucher
2017-10-31,331.66,voucher
2017-11-01,331.19,voucher
2017-11-02,75.19,voucher
2017-11-03,830.78,voucher
2017-11-04,738.9,voucher
2017-11-05,220.85,voucher
2017-11-06,930.23,voucher
2017-11-07,946.8,voucher
2017-11-08,1087.18,voucher
2017-11-09,946.48,voucher
2017-11-10,1124.87,voucher
2017-11-11,443.92,voucher
2017-11-12,120.59,voucher
2017-11-13,211.85,voucher
2017-11-14,434.17,voucher
2017-11-15,397.61,voucher
2017-11-16,863.74,voucher
2017-11-17,433.83,voucher
2017-11-18,536.19,voucher
2017-11-19,209.73,voucher
2017-11-20,315.92,voucher
2017-11-21,242.35,voucher
2017-11-22,190.91,voucher
2017-11-23,812.18,voucher
2017-11-24,1615.19,voucher
2017-11-25,1075.89,voucher
2017-11-26,1139.89,voucher
2017-11-27,752.27,voucher
2017-11-28,783.72,voucher
2017-11-29,1053.25,voucher
2017-11-30,700.02,voucher
2017-12-01,397.16,voucher
2017-12-02,582.07,voucher
2017-12-03,473,voucher
2017-12-04,602.38,voucher
2017-12-05,812.96,voucher
2017-12-06,477.2,voucher
2017-12-07,641.91,voucher
2017-12-08,459.32,voucher
2017-12-09,417.04,voucher
2017-12-10,740.69,voucher
2017-12-11,621.5,voucher
2017-12-12,618.81,voucher
2017-12-13,1486.13,voucher
2017-12-14,664.33,voucher
2017-12-15,581.64,voucher
2017-12-16,963.08,voucher
2017-12-17,2601.99,voucher
2017-12-18,749.93,voucher
2017-12-19,1720.77,voucher
2017-12-20,611.36,voucher
2017-12-21,288.4,voucher
2017-12-22,347.14,voucher
2017-12-23,1382.1,voucher
2017-12-24,186.68,voucher
2017-12-25,268.68,voucher
2017-12-26,1013.17,voucher
2017-12-27,591.49,voucher
2017-12-28,876.56,voucher
2017-12-29,913.22,voucher
2017-12-30,300,voucher
2017-12-31,441.79,voucher
2018-01-01,172.1,voucher
2018-01-02,1111.67,voucher
2018-01-03,645.42,voucher
2018-01-04,1422,voucher
2018-01-05,627.46,voucher
2018-01-06,830.39,voucher
2018-01-07,497.56,voucher
2018-01-08,533.36,voucher
2018-01-09,478.47,voucher
2018-01-10,1082.44,voucher
2018-01-11,1306.03,voucher
2018-01-12,1020.71,voucher
2018-01-13,2505.58,voucher
2018-01-14,590.98,voucher
2018-01-15,2446.15,voucher
2018-01-16,1258.62,voucher
2018-01-17,1018.23,voucher
2018-01-18,694.9,voucher
2018-01-19,930.13,voucher
2018-01-20,641.75,voucher
2018-01-21,638.01,voucher
2018-01-22,1266.41,voucher
2018-01-23,690.72,voucher
2018-01-24,1988.72,voucher
2018-01-25,558.09,voucher
2018-01-26,669.66,voucher
2018-01-27,937.24,voucher
2018-01-28,164.67,voucher
2018-01-29,965.55,voucher
2018-01-30,612.45,voucher
2018-01-31,1430.12,voucher
2018-02-01,1174.12,voucher
2018-02-02,787.78,voucher
2018-02-03,681.94,voucher
2018-02-04,304.1,voucher
2018-02-05,1238.19,voucher
2018-02-06,515.29,voucher
2018-02-07,2500.46,voucher
2018-02-08,488.76,voucher
2018-02-09,317.54,voucher
2018-02-10,105.63,voucher
2018-02-11,582.53,voucher
2018-02-12,897.98,voucher
2018-02-13,113.38,voucher
2018-02-14,1499.74,voucher
2018-02-15,1314.12,voucher
2018-02-16,354.53,voucher
2018-02-17,121.46,voucher
2018-02-18,975.27,voucher
2018-02-19,421.01,voucher
2018-02-20,815.01,voucher
2018-02-21,2263.53,voucher
2018-02-22,1499.32,voucher
2018-02-23,1044.6,voucher
2018-02-24,416.32,voucher
2018-02-25,407.62,voucher
2018-02-26,656.8,voucher
2018-02-27,373.59,voucher
2018-02-28,1207.47,voucher
2018-03-01,761.82,voucher
2018-03-02,769.01,voucher
2018-03-03,447.15,voucher
2018-03-04,599.55,voucher
2018-03-05,652.23,voucher
2018-03-06,841.86,voucher
2018-03-07,521.24,voucher
2018-03-08,458.52,voucher
2018-03-09,677.37,voucher
2018-03-10,495.55,voucher
2018-03-11,192.92,voucher
2018-03-12,364.02,voucher
2018-03-13,374.2,voucher
2018-03-14,553.13,voucher
2018-03-15,603.58,voucher
2018-03-16,1747.35,voucher
2018-03-17,414.06,voucher
2018-03-18,943.79,voucher
2018-03-19,781.69,voucher
2018-03-20,2362.53,voucher
2018-03-21,1854.76,voucher
2018-03-22,998.38,voucher
2018-03-23,833.83,voucher
2018-03-24,198.6,voucher
2018-03-25,410.94,voucher
2018-03-26,1710.11,voucher
2018-03-27,2141.43,voucher
2018-03-28,544.89,voucher
2018-03-29,1084.34,voucher
2018-03-30,679.96,voucher
2018-03-31,950.08,voucher
2018-04-01,791.3,voucher
2018-04-02,784.32,voucher
2018-04-03,438.61,voucher
2018-04-04,591.55,voucher
2018-04-05,1559.66,voucher
2018-04-06,782.86,voucher
2018-04-07,289.03,voucher
2018-04-08,578.05,voucher
2018-04-09,560.72,voucher
2018-04-10,753.97,voucher
2018-04-11,653.58,voucher
2018-04-12,795.26,voucher
2018-04-13,455.88,voucher
2018-04-14,185.57,voucher
2018-04-15,497.55,voucher
2018-04-16,2348.71,voucher
2018-04-17,903.44,voucher
2018-04-18,596.5,voucher
2018-04-19,1336.39,voucher
2018-04-20,347.45,voucher
2018-04-21,737.02,voucher
2018-04-22,736.23,voucher
2018-04-23,1685.72,voucher
2018-04-24,408.63,voucher
2018-04-25,394.76,voucher
2018-04-26,746.79,voucher
2018-04-27,390.8,voucher
2018-04-28,794.84,voucher
2018-04-29,432.15,voucher
2018-04-30,572.52,voucher
2018-05-01,266.38,voucher
2018-05-02,1177.34,voucher
2018-05-03,1757.38,voucher
2018-05-04,585.81,voucher
2018-05-05,424.26,voucher
2018-05-07,630.18,voucher
2018-05-08,915.59,voucher
2018-05-09,1276.59,voucher
2018-05-10,1436.38,voucher
2018-05-11,1336.67,voucher
2018-05-12,2006.17,voucher
2018-05-13,117.37,voucher
2018-05-14,673.98,voucher
2018-05-15,1430.18,voucher
2018-05-16,436.16,voucher
2018-05-17,462.39,voucher
2018-05-18,402.43,voucher
2018-05-19,355.43,voucher
2018-05-20,120.73,voucher
2018-05-21,253.07,voucher
2018-05-22,808.77,voucher
2018-05-23,633.26,voucher
2018-05-24,353.32,voucher
2018-05-25,240.63,voucher
2018-05-26,285.57,voucher
2018-05-27,215.32,voucher
2018-05-28,426.92,voucher
2018-05-29,1583.9,voucher
2018-05-30,607.38,voucher
2018-05-31,116.57,voucher
2018-06-01,186.19,voucher
2018-06-02,280.56,voucher
2018-06-03,424.49,voucher
2018-06-04,608.6,voucher
2018-06-05,183.39,voucher
2018-06-06,741.47,voucher
2018-06-07,1039.08,voucher
2018-06-08,395.76,voucher
2018-06-09,33.4,voucher
2018-06-10,275.08,voucher
2018-06-11,1094.04,voucher
2018-06-12,578.1,voucher
2018-06-13,938.16,voucher
2018-06-14,660.17,voucher
2018-06-15,728.42,voucher
2018-06-16,176.4,voucher
2018-06-17,597.26,voucher
2018-06-18,3821.65,voucher
2018-06-19,1285.69,voucher
2018-06-20,1669.4,voucher
2018-06-21,687.07,voucher
2018-06-22,754.05,voucher
2018-06-23,708.94,voucher
2018-06-24,287.5,voucher
2018-06-25,577.16,voucher
2018-06-26,1937.22,voucher
2018-06-27,1844.07,voucher
2018-06-28,568.7,voucher
2018-06-29,188.17,voucher
2018-06-30,78.85,voucher
2018-07-01,225.36,voucher
2018-07-02,567.24,voucher
2018-07-03,620.65,voucher
2018-07-04,722.05,voucher
2018-07-05,433.93,voucher
2018-07-06,986.5,voucher
2018-07-07,38.34,voucher
2018-07-08,209.12,voucher
2018-07-09,507.66,voucher
2018-07-10,746.88,voucher
2018-07-11,384.71,voucher
2018-07-12,1344.55,voucher
2018-07-13,416.2,voucher
2018-07-14,286.46,voucher
2018-07-15,313.44,voucher
2018-07-16,568.53,voucher
2018-07-17,807.42,voucher
2018-07-18,1179.81,voucher
2018-07-19,597.87,voucher
2018-07-20,541.91,voucher
2018-07-21,570.83,voucher
2018-07-22,113.16,voucher
2018-07-23,746.95,voucher
2018-07-24,2223.17,voucher
2018-07-25,802.74,voucher
2018-07-26,1193.88,voucher
2018-07-27,352.92,voucher
2018-07-28,261.16,voucher
2018-07-29,590.68,voucher
2018-07-30,821.71,voucher
2018-07-31,783.01,voucher
2018-08-01,1239.4,voucher
2018-08-02,1065.9,voucher
2018-08-03,1323.06,voucher
2018-08-04,748.2,voucher
2018-08-05,537.82,voucher
2018-08-06,1414.64,voucher
2018-08-07,4618.83,voucher
2018-08-08,318.79,voucher
2018-08-09,1573.96,voucher
2018-08-10,2007.63,voucher
2018-08-11,662.36,voucher
2018-08-12,749.95,voucher
2018-08-13,2787.49,voucher
2018-08-14,631.92,voucher
2018-08-15,1373.37,voucher
2018-08-16,1486.18,voucher
2018-08-17,4953.98,voucher
2018-08-18,1557.16,voucher
2018-08-19,409.7,voucher
2018-08-20,910.79,voucher
2018-08-21,567.13,voucher
2018-08-22,172.45,voucher
2018-08-23,215.14,voucher
2018-08-24,564.16,voucher
2018-08-25,119.69,voucher
2018-08-26,178.73,voucher
2018-08-27,177.57,voucher
2018-08-28,1153.85,voucher
2018-08-29,680.42,voucher
2018-08-30,705.04,voucher
2018-08-31,63.89,voucher
2018-09-03,458.64,voucher
2018-09-06,2443.2,voucher
2018-09-10,51.17,voucher
2018-09-11,258.67,voucher
2018-09-12,84.58,voucher
2018-09-13,414.04,voucher
2018-09-17,84.58,voucher
2018-09-20,191.46,voucher
2018-09-25,221.54,voucher
2018-09-26,94.63,voucher
2018-09-29,137.03,voucher
2018-10-01,80.38,voucher
2018-10-03,197.55,voucher
2018-10-16,222.03,voucher
2018-10-17,89.71,voucher
2016-10-04,65.5,debit_card
2016-10-06,176.23,debit_card
2017-01-12,54.42,debit_card
2017-01-17,50.31,debit_card
2017-01-18,139.59,debit_card
2017-01-19,218.31,debit_card
2017-01-25,138.49,debit_card
2017-01-26,54.51,debit_card
2017-01-29,87.9,debit_card
2017-02-02,44.01,debit_card
2017-02-06,416.96,debit_card
2017-02-07,80.75,debit_card
2017-02-08,138.47,debit_card
2017-02-09,153.72,debit_card
2017-02-12,72.63,debit_card
2017-02-13,97.52,debit_card
2017-02-18,96.65,debit_card
2017-02-21,83.12,debit_card
2017-02-23,115.34,debit_card
2017-02-25,134.91,debit_card
2017-02-28,76.24,debit_card
2017-03-02,33.1,debit_card
2017-03-04,82.87,debit_card
2017-03-06,95.22,debit_card
2017-03-07,109.04,debit_card
2017-03-08,536.87,debit_card
2017-03-09,56.52,debit_card
2017-03-13,324.58,debit_card
2017-03-15,79.57,debit_card
2017-03-16,38.95,debit_card
2017-03-17,316.32,debit_card
2017-03-22,409.25,debit_card
2017-03-23,57.51,debit_card
2017-03-24,95.22,debit_card
2017-03-25,82.48,debit_card
2017-03-26,170.41,debit_card
2017-03-27,795.08,debit_card
2017-03-29,35.18,debit_card
2017-03-31,274.63,debit_card
2017-04-03,63.12,debit_card
2017-04-06,101.01,debit_card
2017-04-08,60.33,debit_card
2017-04-09,99.32,debit_card
2017-04-10,59.42,debit_card
2017-04-11,43.72,debit_card
2017-04-12,82.97,debit_card
2017-04-14,101.89,debit_card
2017-04-15,37.86,debit_card
2017-04-16,115.9,debit_card
2017-04-17,347.89,debit_card
2017-04-18,393.46,debit_card
2017-04-19,40.95,debit_card
2017-04-21,334.62,debit_card
2017-04-22,221.76,debit_card
2017-04-24,135.24,debit_card
2017-04-25,395.18,debit_card
2017-04-27,20.82,debit_card
2017-04-28,134.54,debit_card
2017-05-01,29.95,debit_card
2017-05-03,47.01,debit_card
2017-05-04,333.44,debit_card
2017-05-06,111.2,debit_card
2017-05-07,148.22,debit_card
2017-05-09,247.48,debit_card
2017-05-10,42.78,debit_card
2017-05-12,92.09,debit_card
2017-05-13,250.51,debit_card
2017-05-14,188.45,debit_card
2017-05-15,196.92,debit_card
2017-05-17,49.53,debit_card
2017-05-18,94.3,debit_card
2017-05-21,143.83,debit_card
2017-05-22,544.11,debit_card
2017-05-24,175.28,debit_card
2017-05-26,65,debit_card
2017-05-28,29.69,debit_card
2017-05-29,233.62,debit_card
2017-06-03,62.45,debit_card
2017-06-04,310.23,debit_card
2017-06-05,58.58,debit_card
2017-06-06,198.44,debit_card
2017-06-07,42.78,debit_card
2017-06-08,32.78,debit_card
2017-06-09,569.23,debit_card
2017-06-11,47.68,debit_card
2017-06-12,224.7,debit_card
2017-06-13,97.7,debit_card
2017-06-14,249.06,debit_card
2017-06-16,32.09,debit_card
2017-06-23,51.63,debit_card
2017-06-27,77.66,debit_card
2017-06-28,85.16,debit_card
2017-06-29,137.32,debit_card
2017-06-30,146.68,debit_card
2017-07-02,26.77,debit_card
2017-07-06,133.85,debit_card
2017-07-07,515.49,debit_card
2017-07-09,36,debit_card
2017-07-10,370.89,debit_card
2017-07-11,62.17,debit_card
2017-07-12,288.37,debit_card
2017-07-14,263.67,debit_card
2017-07-18,73.34,debit_card
2017-07-19,195.76,debit_card
2017-07-20,39.17,debit_card
2017-07-24,118.46,debit_card
2017-07-25,171,debit_card
2017-07-26,50.09,debit_card
2017-08-04,96.02,debit_card
2017-08-06,88.18,debit_card
2017-08-07,279.59,debit_card
2017-08-09,60.37,debit_card
2017-08-10,111.65,debit_card
2017-08-13,50.6,debit_card
2017-08-14,264.07,debit_card
2017-08-15,94.91,debit_card
2017-08-16,505.1,debit_card
2017-08-17,194.43,debit_card
2017-08-18,136.67,debit_card
2017-08-20,64.62,debit_card
2017-08-21,75.16,debit_card
2017-08-22,194.57,debit_card
2017-08-23,278.09,debit_card
2017-08-26,130.15,debit_card
2017-08-27,64,debit_card
2017-08-29,163.78,debit_card
2017-08-30,84.23,debit_card
2017-08-31,200.65,debit_card
2017-09-01,439.66,debit_card
2017-09-02,42,debit_card
2017-09-03,182.98,debit_card
2017-09-04,122.31,debit_card
2017-09-05,97.64,debit_card
2017-09-06,520.22,debit_card
2017-09-07,69.24,debit_card
2017-09-08,205.42,debit_card
2017-09-11,336.34,debit_card
2017-09-12,100.91,debit_card
2017-09-13,491.1,debit_card
2017-09-14,486.44,debit_card
2017-09-15,76.79,debit_card
2017-09-17,77.89,debit_card
2017-09-18,177.63,debit_card
2017-09-20,170.48,debit_card
2017-09-21,88.37,debit_card
2017-09-22,31.24,debit_card
2017-09-25,53,debit_card
2017-09-26,479.09,debit_card
2017-09-27,27.68,debit_card
2017-09-28,319.8,debit_card
2017-09-30,94.13,debit_card
2017-10-02,100.78,debit_card
2017-10-03,717.43,debit_card
2017-10-05,157.65,debit_card
2017-10-07,191.28,debit_card
2017-10-08,347.7,debit_card
2017-10-09,505.76,debit_card
2017-10-11,360.45,debit_card
2017-10-12,145.09,debit_card
2017-10-13,68.02,debit_card
2017-10-14,35,debit_card
2017-10-15,425.13,debit_card
2017-10-16,255.64,debit_card
2017-10-17,188.39,debit_card
2017-10-18,467.08,debit_card
2017-10-19,339.64,debit_card
2017-10-21,201.92,debit_card
2017-10-23,167.08,debit_card
2017-10-25,575.29,debit_card
2017-10-26,38.72,debit_card
2017-10-27,114.31,debit_card
2017-10-29,281.64,debit_card
2017-10-30,92.57,debit_card
2017-11-01,156.79,debit_card
2017-11-02,55.24,debit_card
2017-11-03,114.47,debit_card
2017-11-04,65.71,debit_card
2017-11-05,200.6,debit_card
2017-11-06,167.95,debit_card
2017-11-07,516.83,debit_card
2017-11-08,163.02,debit_card
2017-11-09,64.1,debit_card
2017-11-10,196.99,debit_card
2017-11-12,162.38,debit_card
2017-11-13,91.95,debit_card
2017-11-14,114.41,debit_card
2017-11-15,62.68,debit_card
2017-11-16,118.62,debit_card
2017-11-17,259.12,debit_card
2017-11-18,365.86,debit_card
2017-11-19,321.58,debit_card
2017-11-20,102.23,debit_card
2017-11-21,64.03,debit_card
2017-11-22,416.34,debit_card
2017-11-23,178.39,debit_card
2017-11-24,759.26,debit_card
2017-11-25,46.31,debit_card
2017-11-26,508.45,debit_card
2017-11-27,379.52,debit_card
2017-11-28,92.62,debit_card
2017-11-29,94.25,debit_card
2017-11-30,328.4,debit_card
2017-12-02,385.91,debit_card
2017-12-03,673.32,debit_card
2017-12-04,85.14,debit_card
2017-12-05,556.86,debit_card
2017-12-06,347.77,debit_card
2017-12-07,367.87,debit_card
2017-12-08,716.24,debit_card
2017-12-09,219.08,debit_card
2017-12-10,207.15,debit_card
2017-12-11,74.56,debit_card
2017-12-13,242.65,debit_card
2017-12-15,256.62,debit_card
2017-12-16,327.8,debit_card
2017-12-17,282.18,debit_card
2017-12-18,38.38,debit_card
2017-12-19,142.2,debit_card
2017-12-20,228.34,debit_card
2017-12-21,296.87,debit_card
2017-12-22,367.07,debit_card
2017-12-24,187.96,debit_card
2017-12-25,105.8,debit_card
2017-12-27,410.19,debit_card
2017-12-28,313.79,debit_card
2017-12-30,291.59,debit_card
2018-01-01,253.05,debit_card
2018-01-02,95.13,debit_card
2018-01-03,700.77,debit_card
2018-01-04,76.95,debit_card
2018-01-05,274.41,debit_card
2018-01-06,239.82,debit_card
2018-01-07,339.44,debit_card
2018-01-08,402.63,debit_card
2018-01-09,196.55,debit_card
2018-01-10,454.02,debit_card
2018-01-11,196.52,debit_card
2018-01-12,34.89,debit_card
2018-01-13,484.17,debit_card
2018-01-14,489.83,debit_card
2018-01-15,1025.37,debit_card
2018-01-16,334.42,debit_card
2018-01-17,799.3,debit_card
2018-01-18,335.86,debit_card
2018-01-19,355.04,debit_card
2018-01-20,255.57,debit_card
2018-01-21,414.02,debit_card
2018-01-22,747.88,debit_card
2018-01-23,763.85,debit_card
2018-01-24,97.86,debit_card
2018-01-27,56.17,debit_card
2018-01-28,475.4,debit_card
2018-01-29,823.95,debit_card
2018-01-30,289.62,debit_card
2018-01-31,531.06,debit_card
2018-02-01,602.97,debit_card
2018-02-02,284.09,debit_card
2018-02-05,159.3,debit_card
2018-02-06,236.84,debit_card
2018-02-07,261.61,debit_card
2018-02-08,969.96,debit_card
2018-02-09,70.92,debit_card
2018-02-10,328.05,debit_card
2018-02-11,335.47,debit_card
2018-02-12,35.69,debit_card
2018-02-13,269.26,debit_card
2018-02-14,566.81,debit_card
2018-02-15,263.61,debit_card
2018-02-16,77.57,debit_card
2018-02-17,99.4,debit_card
2018-02-18,123.47,debit_card
2018-02-19,214.67,debit_card
2018-02-20,584.93,debit_card
2018-02-21,67.5,debit_card
2018-02-22,445.3,debit_card
2018-02-24,262.52,debit_card
2018-02-26,565.57,debit_card
2018-02-27,465.26,debit_card
2018-02-28,178.76,debit_card
2018-03-01,526.04,debit_card
2018-03-02,544.58,debit_card
2018-03-04,189.11,debit_card
2018-03-05,22.79,debit_card
2018-03-06,186.8,debit_card
2018-03-07,175.53,debit_card
2018-03-08,86.86,debit_card
2018-03-09,142.32,debit_card
2018-03-10,126.34,debit_card
2018-03-11,312.38,debit_card
2018-03-12,42.78,debit_card
2018-03-13,976.02,debit_card
2018-03-14,58.03,debit_card
2018-03-15,268.94,debit_card
2018-03-17,161.76,debit_card
2018-03-18,189.56,debit_card
2018-03-19,129.94,debit_card
2018-03-20,775.64,debit_card
2018-03-21,356.25,debit_card
2018-03-22,567.56,debit_card
2018-03-23,333.48,debit_card
2018-03-25,20.06,debit_card
2018-03-26,528.61,debit_card
2018-03-27,859.65,debit_card
2018-03-28,398.26,debit_card
2018-03-29,395.82,debit_card
2018-04-01,436.45,debit_card
2018-04-02,277.57,debit_card
2018-04-03,213.67,debit_card
2018-04-04,297.17,debit_card
2018-04-05,240.58,debit_card
2018-04-06,45.22,debit_card
2018-04-07,78.75,debit_card
2018-04-08,240.68,debit_card
2018-04-09,28.43,debit_card
2018-04-10,103.5,debit_card
2018-04-11,161.87,debit_card
2018-04-12,563.55,debit_card
2018-04-13,835.14,debit_card
2018-04-15,72.35,debit_card
2018-04-16,547.9,debit_card
2018-04-17,453.56,debit_card
2018-04-18,362.01,debit_card
2018-04-19,2163.54,debit_card
2018-04-20,1095.96,debit_card
2018-04-21,362.94,debit_card
2018-04-22,37.75,debit_card
2018-04-23,523.65,debit_card
2018-04-24,451.29,debit_card
2018-04-25,306.8,debit_card
2018-04-26,636.98,debit_card
2018-04-27,21.04,debit_card
2018-04-28,76.39,debit_card
2018-04-30,147.79,debit_card
2018-05-01,96.26,debit_card
2018-05-02,67.83,debit_card
2018-05-03,124.58,debit_card
2018-05-05,169.1,debit_card
2018-05-07,720.68,debit_card
2018-05-08,47.05,debit_card
2018-05-09,468.75,debit_card
2018-05-10,37.04,debit_card
2018-05-11,72.26,debit_card
2018-05-12,160.74,debit_card
2018-05-13,87.32,debit_card
2018-05-14,107.62,debit_card
2018-05-15,228.36,debit_card
2018-05-16,152.41,debit_card
2018-05-17,338.38,debit_card
2018-05-19,73.27,debit_card
2018-05-20,237.94,debit_card
2018-05-21,255.14,debit_card
2018-05-22,47.43,debit_card
2018-05-23,558.15,debit_card
2018-05-24,129.06,debit_card
2018-05-25,263.18,debit_card
2018-05-27,77.42,debit_card
2018-05-29,168.16,debit_card
2018-05-30,285.31,debit_card
2018-05-31,4737.3,debit_card
2018-06-01,903.58,debit_card
2018-06-02,80.56,debit_card
2018-06-03,284.94,debit_card
2018-06-04,963.14,debit_card
2018-06-05,770.54,debit_card
2018-06-06,87.94,debit_card
2018-06-07,205.71,debit_card
2018-06-08,596.82,debit_card
2018-06-09,3022.29,debit_card
2018-06-10,964.51,debit_card
2018-06-11,1120.51,debit_card
2018-06-12,1727.19,debit_card
2018-06-13,520.36,debit_card
2018-06-14,1280.09,debit_card
2018-06-15,3456.03,debit_card
2018-06-16,729.57,debit_card
2018-06-17,140.91,debit_card
2018-06-18,585.15,debit_card
2018-06-19,2110.78,debit_card
2018-06-20,5639.67,debit_card
2018-06-21,553.39,debit_card
2018-06-22,1719.55,debit_card
2018-06-23,1251.98,debit_card
2018-06-24,1714.18,debit_card
2018-06-25,619.11,debit_card
2018-06-26,1647.23,debit_card
2018-06-27,548.55,debit_card
2018-06-28,2180.8,debit_card
2018-06-29,247.54,debit_card
2018-07-01,421.72,debit_card
2018-07-02,868.31,debit_card
2018-07-03,1857.88,debit_card
2018-07-04,990.89,debit_card
2018-07-05,658.45,debit_card
2018-07-06,959.88,debit_card
2018-07-07,186.93,debit_card
2018-07-08,736.83,debit_card
2018-07-09,876.67,debit_card
2018-07-10,700.01,debit_card
2018-07-11,965.78,debit_card
2018-07-12,7511.77,debit_card
2018-07-13,524.31,debit_card
2018-07-14,541.83,debit_card
2018-07-15,1399.24,debit_card
2018-07-16,1268.26,debit_card
2018-07-17,1172.79,debit_card
2018-07-18,1292.39,debit_card
2018-07-19,1456.44,debit_card
2018-07-20,1053.65,debit_card
2018-07-21,987.83,debit_card
2018-07-22,1119.48,debit_card
2018-07-23,1252.95,debit_card
2018-07-24,2140.59,debit_card
2018-07-25,1375.72,debit_card
2018-07-26,1073.92,debit_card
2018-07-27,1671.66,debit_card
2018-07-28,1223.58,debit_card
2018-07-29,6415.62,debit_card
2018-07-30,1259.98,debit_card
2018-07-31,900.82,debit_card
2018-08-01,2252.06,debit_card
2018-08-02,1486.36,debit_card
2018-08-03,1147.44,debit_card
2018-08-04,2811.5,debit_card
2018-08-05,1968.77,debit_card
2018-08-06,846.18,debit_card
2018-08-07,2891.59,debit_card
2018-08-08,2904.6,debit_card
2018-08-09,4657.85,debit_card
2018-08-10,1334.03,debit_card
2018-08-11,858.34,debit_card
2018-08-12,2610.11,debit_card
2018-08-13,2268,debit_card
2018-08-14,3060.69,debit_card
2018-08-15,1209.64,debit_card
2018-08-16,1859.03,debit_card
2018-08-17,2753.22,debit_card
2018-08-18,1247.98,debit_card
2018-08-19,743.45,debit_card
2018-08-20,2272.22,debit_card
2018-08-21,1256.94,debit_card
2018-08-22,620.07,debit_card
2018-08-23,747.81,debit_card
2018-08-24,261.7,debit_card
2018-08-25,1221.73,debit_card
2018-08-26,426.4,debit_card
2018-08-27,268.73,debit_card
2018-08-28,14.89,debit_card
